URL;Name;Category
https://en.wikipedia.org/wiki/Model%E2%80%93view%E2%80%93viewmodel;Wikipedia - Model–view–viewmodel;A*
https://learn.microsoft.com/en-us/xamarin/xamarin-forms/enterprise-application-patterns/mvvm;Microsoft - Xamarin.Forms MVVM;A*
https://www.geeksforgeeks.org/introduction-to-model-view-view-model-mvvm/;GeeksforGeeks - Introduction to Model View View Model (MVVM);A/B
https://www.techtarget.com/whatis/definition/Model-View-ViewModel;TechTarget - Model-View-ViewModel (MVVM);A*
https://www.youtube.com/watch?v=fo6rvTP9kkc;YouTube - What is MVVM (Model-View-ViewModel) Pattern? by Programming with Mosh;D*
https://www.atmosera.com/blog/model-view-viewmodel-mvvm-explained/;Atmosera;A*
https://www.guru99.com/mvc-vs-mvvm.html;Guru99;A/B*
https://cocoacasts.com/model-view-viewmodel-in-swift;Cocoacasts;A/B*
https://www.oreilly.com/library/view/architectural-patterns/9781787287495/7942467e-12e4-4e6f-920e-4ef86088daed.xhtml;O’Reilly Online Learning;A
https://builtin.com/software-engineering-perspectives/mvvm-architecture;Built In;A/B*
https://java-design-patterns.com/patterns/model-view-viewmodel/;Java Design Patterns;A/C
https://developer.android.com/topic/libraries/architecture/viewmodel;Android Developers;A*
https://www.kodeco.com/books/design-patterns-by-tutorials/v3.0/chapters/10-model-view-viewmodel-pattern;Kodeco;A
https://www.dev-insider.de/was-bedeutet-mvvm-a-1103448/;Dev Insider;A/C
https://www.digitalocean.com/community/tutorials/android-mvvm-design-pattern;DigitalOcean Community Tutorials;A*
https://docs.oracle.com/cd/E55783_02/CRS.11-2/CSADevGuide/html/s0103modelviewviewmodelmvvm01.html;Oracle Documentation;A
https://link.springer.com/chapter/10.1007/978-1-4302-3501-9_13;SpringerLink;D*
https://medium.com/flutterworld/flutter-mvvm-architecture-f8bed2521958;Medium (FlutterWorld);A
https://www.smf.de/pdf/Model-View-ViewModel_2011.pdf;SMF (PDF Document);A
https://www.tutorialspoint.com/mvvm/mvvm_introduction.htm;TutorialsPoint;A
https://ieeexplore.ieee.org/document/9249215;IEEE Xplore;A/B
https://github.com/topics/model-view-viewmodel;GitHub (model-view-viewmodel topic);D*
https://www.c-sharpcorner.com/UploadFile/0b73e1/mvvm-model-view-viewmodel-introduction-part-1/;C# Corner;A*/B
https://docs.avaloniaui.net/docs/getting-started/programming-with-avalonia/the-model-view-viewmodel-pattern-mvvm;Avalonia UI;A*
https://012.vuejs.org/guide/;Vue.js (Version 0.12 Documentation);A*/B
https://www.codeproject.com/Articles/100175/Model-View-ViewModel-MVVM-Explained;CodeProject;A
https://intellitect.com/blog/getting-started-model-view-viewmodel-mvvm-pattern-using-windows-presentation-framework-wpf/;IntelliTect;A*
https://blog.jeremylikness.com/blog/model-view-viewmodel-mvvm-explained/;Developer for Life;A*
https://www.educative.io/answers/the-model-view-view-model-as-explained-to-a-6-year-old;Educative;A*
https://www.semanticscholar.org/paper/9ba28c37401600df08dc0cce42c87ce18380e8f2;Semantic Scholar;D*
https://www.hackingwithswift.com/books/ios-swiftui/introducing-mvvm-into-your-swiftui-project;Hacking with Swift;A*
https://www.objc.io/issues/13-architecture/mvvm/;objc.io;A*
https://www.syncfusion.com/blogs/post/mvvm-pattern-in-blazor-for-state-management.aspx;Syncfusion Blogs;A*
https://www.appypie.com/mvvm-swiftui-how-to;Appy Pie;A*
https://blog.udemy.com/mvvm-pattern/;?;D
https://levelup.gitconnected.com/mvc-vs-mvp-vs-mvvm-35e0d4b933b4;LevelUp on Medium (MVC vs MVP vs MVVM by Anh T. Dang);D
https://www.educba.com/mvvm-c-sharp/;EDUCBA (MVVM C# by EDUCBA);A*
https://subscription.packtpub.com/book/programming/9781788624060/7/ch07lvl1sec58/the-model-view-viewmodel-pattern;Packt (The Model-View-ViewModel pattern | Software Architect's Handbook);D
https://www.linkedin.com/learning/software-architecture-patterns-for-developers/model-view-viewmodel-mvvm;LinkedIn Learning (Model-view-viewmodel (MVVM) - Software Architecture: Patterns for Developers);A
https://scottlilly.com/c-design-patterns-mvvm-model-view-viewmodel/;Scott Lilly (C# Design Patterns – MVVM (Model-View-ViewModel));A*
https://stefanoborini.com/book-modelviewcontroller/02-mvc-variations/05-variations-on-the-triad/10-model-view-viewmodel.html;stefanoborini.com;A*
https://www.reddit.com/r/csELI5/comments/1r0amd/eli5_how_it_works_and_why_of_modelviewviewmodel/;reddit.com (r/csELI5);A/C
https://daddycoding.com/2021/06/10/model-view-viewmodel-mvvm/;daddycoding.com;A*
https://www.quora.com/What-is-the-MVVM-Model-View-ViewModel;quora.com;D
https://www.clariontech.com/blog/mvvm-in-ios-a-quick-walkthrough;clariontech.com;A*
https://www.htmlgoodies.com/javascript/the-model-view-viewmodel-pattern-and-angular-development/;HTML Goodies;A*
https://www.codemag.com/Article/2005031/Use-the-MVVM-Design-Pattern-in-MVC-Core-Part-1;CODE Magazine;A*
https://docs.telerik.com/kendo-ui/framework/mvvm/overview;Telerik Kendo UI;A*
https://www.freecodecamp.org/news/model-view-viewmodel-android-tutorial/;freeCodeCamp.org;B*
https://joss.theoj.org/papers/10.21105/joss.02016;Journal of Open Source Software;D*
https://www.researchgate.net/figure/The-Model-View-ViewModel-MVVM-architectural-pattern-In-MVVM-the-View-layer-is_fig3_275258051;ResearchGate;A*
https://developer.apple.com/forums/thread/699003;Apple Developer Forums;A*
https://www.amazon.com/Pro-WPF-Silverlight-MVVM-Model-View-ViewModel/dp/1430231629;Amazon - Pro WPF and Silverlight MVVM;A*
https://www.pinterest.com/amp/pin/361906520036056985/;Pinterest;D*
https://rehansaeed.com/model-view-viewmodel-mvvm-part1-overview/;Muhammad Rehan Saeed;A*
https://www.endyourif.com/mvvm-pattern-model-view-view-model/;EndYourIf.com - MVVM Pattern - Model View View Model;A*
https://mauiman.dev/mvvm.html;MAUIMAN.dev - MVVM (Model View ViewModel);A*
https://arxiv.org/abs/1911.08289;arXiv.org - A Model-View-ViewModel (MVVM) Application Framework for Hearing Impairment Diagnosis;A
https://www.javatpoint.com/xamarin-model-view-viewmodel-pattern;Javatpoint - Xamarin Model-View-ViewModel Pattern;A*
https://addyosmani.com/blog/understanding-mvvm-a-guide-for-javascript-developers/;Understanding MVVM - A Guide For JavaScript Developers by Addy Osmani;A*
https://itcraftapps.com/blog/mvc-mvp-and-mvvm-architecture-pattern-introduction/;itCraft - Mobile App Development Company;A*
https://code.pieces.app/blog/using-mvvm-in-flutter;Pieces;A*
https://www.npmjs.com/package/react-model-view-viewmodel;npm - react-model-view-viewmodel;D*
https://upday.github.io/blog/model-view-viewmodel/;upday blog;A*
https://www.toptal.com/android/android-apps-mvvm-with-clean-architecture;Toptal;A/C*
https://www.intuz.com/blog/guide-on-mvc-vs-mvvm;[MVC vs MVVM- A complete guide with comparison](https://www.intuz.com/blog/guide-on-mvc-vs-mvvm);A
https://www.makeuseof.com/mvc-mvp-mvvm-which-choose/;[MVC, MVP, MVVM: Which One to Choose?](https://www.makeuseof.com/mvc-mvp-mvvm-which-choose/);A
https://stackoverflow.com/questions/54626732/what-is-pros-and-cons-of-mvvm-model-view-viewmodel-architecture-when-compared;[What is pros and cons of MVVM (Model,View,ViewModel) architecture when compared with other architectures?](https://stackoverflow.com/questions/54626732/what-is-pros-and-cons-of-mvvm-model-view-viewmodel-architecture-when-compared);D
https://www.sitepoint.com/community/t/what-is-a-view-model/32676;[What is a view model? - PHP - SitePoint Forums](https://www.sitepoint.com/community/t/what-is-a-view-model/32676);B
https://docs.couchbase.com/tutorials/mobile-travel-tutorial/csharp/develop/mvvm-architecture.html;[MVVM Architecture - Couchbase Documentation](https://docs.couchbase.com/tutorials/mobile-travel-tutorial/csharp/develop/mvvm-architecture.html);A*
https://proandroiddev.com/mvvm-architecture-viewmodel-and-livedata-part-1-604f50cda1;ProAndroidDev (Medium);A*
https://www.infoq.com/articles/View-Model-Definition/;InfoQ;A
https://uniandes-se4ma.gitlab.io/books/chapter8/mvc-mvvm-mv-mvwhat.html;Universidad de Los Andes (uniandes-se4ma.gitlab.io);A
https://www.wpftutorial.net/mvvm.html;WPF Tutorial;A*
https://infinum.com/blog/mvvm-architecture/;Infinum;A
http://agafonovslava.com/post/2010/09/21/MVVM-(Model-View-ViewModel)-desing-pattern;Digest About Software, Entrepreneurship and AI - MVVM (Model-View-ViewModel) design pattern by Slava-Agafonov;A*
https://books.zkoss.org/zk-mvvm-book/8.0/introduction_of_mvvm.html;Introduction of MVVM - ZK MVVM Book;A*
https://www.softwareideas.net/a/370/model-view-viewmodel-layer-diagram-;Model–View–Viewmodel (Layer Diagram) - Software Ideas;A*
https://www.slideshare.net/AhmedEmad13/mvvm-model-view-view-model;MVVM (Model View View Model) - SlideShare;A*
http://swiftyjimmy.com/category/model-view-viewmodel/;SwiftyJimmy - Model-View-ViewModel with Swift;A*
https://adevait.com/ios/swift-tutorial-mvvm-design-pattern;Adeva - Introduction to the MVVM Design Pattern in Swift;A*
https://mobiosolutions.com/model-view-viewmodel/;Mobio Solutions - Model-View-ViewModel;A/C*
https://info.erdosmiller.com/blog/implementing-model/view/view-model-mvvm-architecture-in-labview;Erdos Miller - Implementing Model/View/View-Model (MVVM Architecture) in LabVIEW;A/B*
https://medium.cobeisfresh.com/level-up-your-react-architecture-with-mvvm-a471979e3f21;Medium (COBE) - Level up your React architecture with MVVM;A/B*
https://matteomanferdini.com/mvvm-pattern-ios-swift/;Matteo Manferdini - MVVM Design Pattern in iOS with Swift;A/B*
https://www.detroitlabs.com/blog/intro-to-mvvm-in-react-with-mobx/;Detroit Labs - Intro to MVVM in React (with MobX);A*
https://teehanlax.com/blog/model-view-viewmodel-for-ios/;Teehan+Lax - Model-View-ViewModel for iOS;A*
https://visualstudiomagazine.com/articles/2011/10/01/mvvm-in-5-minutes.aspx;Visual Studio Magazine - MVVM in 5 Minutes;A*
https://softwareengineering.stackexchange.com/questions/402653/layered-model-view-viewmodel-design;Software Engineering Stack Exchange - Layered Model-View-ViewModel design;B*
https://www.wikidata.org/wiki/Q1247905;Wikidata - model–view–viewmodel;D
https://jeremybytes.blogspot.com/2012/04/overview-of-mvvm-design-pattern.html;Jeremy Bytes;A*
https://www.codingninjas.com/codestudio/library/android-mvvm-model-view-viewmodel-architecture;Coding Ninjas;A*
https://www.evozon.com/model-view-viewmodel-in-reactjs/;Evozon;B*
https://riptutorial.com/design-patterns/example/27289/model-view-viewmodel--mvvm-;RIP Tutorial;A*
https://rachel53461.wordpress.com/2011/05/08/simplemvvmexample/;Rachel Lim's Blog;A*
https://www.informit.com/articles/article.aspx?p=2077111&seqNum=7;InformIT;A*
https://dev.to/whatminjacodes/simple-example-of-mvvm-architecture-in-kotlin-4j5b;DEV Community (dev.to);A*
https://www.upwork.com/hire/mvvm-freelancers/;Upwork;D*
https://medium.com/androiddevelopers/viewmodels-a-simple-example-ed5ac416317e;Medium (Android Developers);A*
https://www.geeksforgeeks.org/viewmodel-in-android-architecture-components/;GeeksforGeeks;A*
https://stackoverflow.com/questions/11064316/what-is-viewmodel-in-mvc;?;D
https://www.youtube.com/watch?v=orH4K6qBzvE;[YouTube - ViewModel Explained - Android Architecture Component | Tutorial](https://www.youtube.com/watch?v=orH4K6qBzvE);A*
https://learn.microsoft.com/en-us/dotnet/architecture/maui/mvvm;[Microsoft - MVVM pattern](https://learn.microsoft.com/en-us/dotnet/architecture/maui/mvvm);A*
https://github.com/rickclephas/KMM-ViewModel;[GitHub - rickclephas/KMM-ViewModel](https://github.com/rickclephas/KMM-ViewModel);A*
https://google-developer-training.github.io/android-developer-fundamentals-course-concepts-v2/unit-4-saving-user-data/lesson-10-storing-data-with-room/10-1-c-room-livedata-viewmodel/10-1-c-room-livedata-viewmodel.html;[Google Developer Training - Room, LiveData, ViewModel](https://google-developer-training.github.io/android-developer-fundamentals-course-concepts-v2/unit-4-saving-user-data/lesson-10-storing-data-with-room/10-1-c-room-livedata-viewmodel/10-1-c-room-livedata-viewmodel.html);A*
https://insert-koin.io/docs/reference/koin-android/viewmodel;Koin - Android ViewModel & Navigation;B*
https://android.googlesource.com/platform/frameworks/support/+/refs/heads/androidx-main/lifecycle/lifecycle-viewmodel/src/main/java/androidx/lifecycle/ViewModel.java;Android Open Source Project - ViewModel.java;A*
https://blog.mindorks.com/android-viewmodels-under-the-hood;MindOrks - Android ViewModels: Under the hood;A*
https://docs.oracle.com/en/middleware/developer-tools/jet/12/develop/define-viewmodel.html;Oracle Help Center - Developing Oracle JET Apps Using MVVM Architecture;A*
https://www.techyourchance.com/you-dont-need-android-viewmodel/;TechYourChance - You Don't Need Android ViewModel, Here is Why;C
https://proandroiddev.com/viewmodel-magic-revealed-330476b5ab27;[ViewModel magic revealed!!!](https://proandroiddev.com/viewmodel-magic-revealed-330476b5ab27);A*
https://dagger.dev/hilt/view-model.html;[Dagger - Hilt View Models](https://dagger.dev/hilt/view-model.html);A*
https://dotnettutorials.net/lesson/view-model-asp-net-core-mvc/;[ViewModel in ASP.NET Core MVC](https://dotnettutorials.net/lesson/view-model-asp-net-core-mvc/);A*
https://write.agrevolution.in/view-model-and-how-it-works-internally-88295e8598ee;[Android View Model and How it works internally](https://write.agrevolution.in/view-model-and-how-it-works-internally-88295e8598ee);A*
https://www.droidcon.com/2022/01/18/viewmodel-magic-revealed/;[ViewModel magic revealed!!! - droidcon](https://www.droidcon.com/2022/01/18/viewmodel-magic-revealed/);A*
https://canjs.com/doc/can-component.prototype.ViewModel.html;CanJS;B*
https://appdevnotes.com/android-viewmodel-tutorial-for-beginners-in-kotlin/;AppDevNotes;A*
https://dev.to/vtsen/recommended-ways-to-create-viewmodel-or-androidviewmodel-5e7k;DEV Community (Article by Vincent Tsen);B*
https://docs.sencha.com/extjs/6.5.3/modern/Ext.app.ViewModel.html;Sencha Docs (Ext JS 6.5.3);B*
https://pspdfkit.com/blog/2019/using-viewmodels-to-retain-state-on-android/;PSPDFKit;A*
https://pypi.org/project/ViewModel/;?;D
https://www.freecodecamp.org/news/  model-view-viewmodel-android-tutorial/;freeCodeCamp.org;B*
https://www.mvvmcross.com/documentation/fundamentals/viewmodel-lifecycle;?;D
https://commonsware.com/Jetpack/pages/chap-viewmodel-004.html;CommonsWare: Android App Development Books - Applying ViewModel;B*
https://viewmodel.org/;ViewModel.org;D*
https://books.zkoss.org/zk-mvvm-book/8.0/viewmodel/index.html;books.zkoss.org;A*
https://developer.valvesoftware.com/wiki/Viewmodel;developer.valvesoftware.com;D*
https://www.dotvvm.com/docs/2.0/pages/basics-viewmodels;dotvvm.com;A*
https://learnfromsaki.com/configuring-viewmodel-hierarchy/;learnfromsaki.com;B*
https://docs.unrealengine.com/5.1/en-US/umg-viewmodel;docs.unrealengine.com;A*
https://heartbeat.comet.ml/using-viewmodels-in-android-to-preserve-your-running-apps-state-e56e63f689f3;heartbeat.comet.ml (Medium Article);B*
https://cocoacasts.com/how-does-mvvm-work;cocoacasts.com;A*
https://blog.kotzilla.io/koin-android-stronger-viewmodel-api/;The Kotzilla Blog (blog.kotzilla.io);B*
https://voyager.adriel.cafe/android-viewmodel;voyager.adriel.cafe;B*
https://www.valueof.io/blog/stateflow-sharedflow-flow-viewmodel-lifecycle;valueof.io;B*
https://androidwave.com/fragment-communication-using-viewmodel/;AndroidWave;B*
https://betterprogramming.pub/everything-to-understand-about-viewmodel-400e8e637a58;Better Programming (Medium);A*
https://arkadiuszchmura.com/posts/how-viewmodels-survive-configuration-changes/;Arkadiusz Chmura;A*
https://www.tutlane.com/tutorial/aspnet-mvc/how-to-use-viewmodel-in-asp-net-mvc-with-example;Tutlane;B*
https://developer.adobe.com/commerce/php/development/components/view-models/;Adobe Developer;B*
https://androidx.tech/artifacts/lifecycle/lifecycle-viewmodel/;AndroidX Tech;D*
https://codersguidebook.com/how-to-create-an-android-app/what-is-a-viewmodel;Coders' Guidebook;A*
https://www.reddit.com/r/android_devs/comments/vhhgq5/you_dont_need_android_viewmodel_here_is_why/;Reddit (r/android_devs);B/C*
https://www.kodeco.com/books/advanced-android-app-architecture/v1.0/chapters/10-model-view-viewmodel-theory;Kodeco;A/B*
https://softwareengineering.stackexchange.com/questions/293224/is-that-good-idea-to-add-viewmodel-exactly-same-as-model;Software Engineering Stack Exchange;B*
https://www.techotopia.com/index.php/An_Android_Jetpack_ViewModel_Tutorial;Techotopia - An Android Jetpack ViewModel Tutorial;B*
https://www.c-sharpcorner.com/UploadFile/abhikumarvatsa/what-is-model-and-viewmodel-in-mvc-pattern/;C# Corner - What is Model and ViewModel in MVC Pattern?;B
https://www.systango.com/blog/what-is-viewmodel-in-android-architecture-component;Systango - What is ViewModel in Android Architecture Component?;B*
https://issuetracker.google.com/issues/236561973;Google IssueTracker - Issue 236561973;D*
https://knockoutjs.com/documentation/observables.html;KnockoutJS - Observables;A*
https://schibsted.com/blog/android-databinding-goodbye-presenter-hello-viewmodel/;Schibsted;A*
https://www.jondjones.com/learn-episerver-cms/episerver-developers-tutorials/episerver-mvc/what-should-the-mvc-viewmodel-be-used-for-in-episerver/;Jon D Jones;B*
https://riggaroo.dev/android-architecture-components-looking-viewmodels-part-2/;Rebecca Franks - @riggaroo;A*
https://ajkueterman.dev/posts/android-viewmodel-manual-dependency-injection-made-easy/;AJ Kueterman;A*
https://engineering.q42.nl/compose/;Q42 Engineering;A*
https://visualstudiomagazine.com/articles/2013/07/01/building-and-testing-a-view-model-in-typescript.aspx;Visual Studio Magazine;D*
https://agreeya.com/blogs/how-to-use-livedata-and-viewmodel-in-your-next-development-project/;AgreeYa Solutions;D*
https://orbit-mvi.org/Android-ViewModel/overview/;Orbit Multiplatform;D*
https://milestone.topics.it/series/view-model-composition.html;Milestone by Mauro Servienti;B
https://www.sasikanth.dev/using-viewmodels-in-custom-views/;Sasikanth;D*
https://www.answertopia.com/jetpack-compose/a-jetpack-compose-viewmodel-tutorial/;Answertopia - A Jetpack Compose ViewModel Tutorial;A*/B
https://www.halfbit.de/posts/composite-viewmodel/;Halfbit - Composite ViewModel;B
https://blog.stylingandroid.com/architecture-components-viewmodel/;Styling Android - Architecture Components: ViewModel;B
https://www.dotnettricks.com/learn/mvc/understanding-viewmodel-in-aspnet-mvc;Dot Net Tricks - Understanding ViewModel in ASP.NET MVC;B
https://nicksnettravels.builttoroam.com/post-2019-03-24-viewmodel-to-viewmodel-navigation-in-a-xamarinforms-application-with-prism-and-mvvmcross-aspx/;Nick's .NET Travels - ViewModel to ViewModel Navigation in a Xamarin.Forms Application with Prism and MvvmCross;B
https://en.wiktionary.org/wiki/view_model;Wiktionary, the free dictionary;D
https://www.amazon.com/MVVM-Delphi-Architecting-ViewModel-Applications/dp/148422213X;Amazon - MVVM in Delphi: Architecting and Building Model View ViewModel Applications;D*
https://docs.mfractor.com/xamarin-forms/working-with-viewmodels/view-viewmodel-navigation/;MFractor Documentation - View-ViewModel Navigation;A*
https://imhoff.blog/posts/view-purity-with-mobx-viewmodels;Retrofuturistic MVVM: Achieving View Purity with MobX ViewModels by Dan Imhoff;A/B*
https://engineering.mercari.com/en/blog/entry/2019-06-12-120000/;Mercari Engineering Portal - Introducing ViewModel Inputs/Outputs: a modern approach to MVVM architecture;B*
https://link.springer.com/chapter/10.1007/978-1-4842-8248-9_8;SpringerLink - Model-View-ViewModel (MVVM);D*
https://devforum.roblox.com/t/simple-viewmodel/1907404;Developer Forum | Roblox - Simple Viewmodel!;D*
https://thewolfsound.com/android-synthesizer-3-view-model-using-kotlin-coroutines/;The Wolf Sound - Android Synthesizer 3: View Model using Kotlin Coroutines;A*
https://steamcommunity.com/sharedfiles/filedetails/?id=365126929;Steam Workshop - crashz' Viewmodel Generator;D*
https://www.informit.com/articles/article.aspx?p=2990403&seqNum=2;InformIT - Persisting Android UI State;A*
https://www.glureau.com/2020/05/15/Jetpack-ViewModel-ProCons/;Grégory Lureau;D*
https://www.swiftbysundell.com/articles/different-flavors-of-view-models-in-swift;Swift by Sundell;D*
https://graphql.guide/android/viewmodel/;The GraphQL Guide;D*
https://rehansaeed.com/model-view-viewmodel-mvvm-part2-idisposable/;Muhammad Rehan Saeed;B
https://mobikul.com/android-room-live-data-view-model/;Mobikul;D*
https://rachelappel.com/2014/09/02/use-viewmodels-to-manage-data-amp-organize-code-in-asp-net-mvc-applications/;Rachel Appel;A*
https://blog.devgenius.io/mvvm-architecture-viewmodel-and-livedata-d6c74ef45728;Dev Genius (Medium);A*
https://developer.android.com/reference/androidx/lifecycle/ViewModel;Android Developers (developer.android.com);A*
https://www.educba.com/viewmodel-in-mvc/;EDUCBA;A*
https://onmyway133.com/posts/how-to-use-viewmodel-and-viewmodelsproviders-in-android/;On My Way;A*
https://docs.colectica.com/sdk6/api/Algenta.Colectica.ViewModel/Algenta.Colectica.ViewModel.Reports.html;docs.colectica.com (Algenta.Colectica.ViewModel.Reports);D*
https://www.hackingwithswift.com/example-code/language/what-is-mvvm;Hacking with Swift;A*
https://www.quora.com/What-is-ViewModel-in-MVC;Quora;D
http://dontcodetired.com/blog/post/Reducing-MVVM-Light-Viewmodel-Code-with-Fody-Property-Dependencies-and-Custom-Property-Changed-Methods;Don't Code Tired;B*
https://blog.udemy.com/c-sharp-viewmodel/;?;D
https://codelabs.developers.google.com/;Google Codelabs;D*
https://www.gamersdecide.com/articles/csgo-best-viewmodel-settings;GamersDecide.com;B*
https://creatronix.de/how-to-use-viewmodel/;Creatronix;A*
https://startandroid.ru/ru/courses/architecture-components/27-course/architecture-components/527-urok-4-viewmodel.html;StartAndroid;A*
https://www.damirscorner.com/blog/posts/20221021-AvoidAsyncCallsInViewmodelConstructors.html;Damir's Corner;A/B*
https://zsmb.co/an-early-look-at-viewmodel-savedstate/;zsmb.co - An Early Look at ViewModel SavedState;B*
https://www.linkedin.com/pulse/mvvm-architecture-viewmodel-livedata-part-1-hazem-saleh;LinkedIn - MVVM architecture, ViewModel and LiveData (Part 1) by Hazem Saleh;A*
https://prosettings.net/players/niko/;ProSettings - NiKo;D*
https://www.cs.ubc.ca/~gregor/teaching/papers/4+1view-architecture.pdf;UBC - 4+1 View Architecture;D
https://climbtheladder.com/10-model-view-viewmodel-mvvm-best-practices/;?;D
https://deutschergrossspitz.de/tf2-viewmodel-mod.html;?;D
https://books.google.com/books?id=USXsDwAAQBAJ&pg=PA242&lpg=PA242&dq=viewmodel&source=bl&ots=iRVMxIRu9r&sig=ACfU3U3mddQ8CTP_DwbaMKnj6HFU2uh1Jw&hl=de&sa=X&ved=2ahUKEwjkp7_HmoT9AhWai_0HHVYRDf44ZBDoAXoFCNgBEAM;?;D
https://amitshekhar.me/blog/mvvm-architecture-android;amitshekhar.me/blog/mvvm-architecture-android;A*
https://blog.fossasia.org/handling-configuration-changes-by-implementing-viewmodels-in-the-open-event-android-app/;blog.fossasia.org/handling-configuration-changes-by-implementing-viewmodels-in-the-open-event-android-app/;A*
https://tickets.summitov.com/webstore/shop/viewItems.aspx?CG=romance&C=romance;tickets.summitov.com/webstore/shop/viewItems.aspx?CG=romance&C=romance;D
https://books.google.com/books?id=p30gFQycCHEC&pg=PA199&lpg=PA199&dq=viewmodel&source=bl&ots=hnMLTs4nUF&sig=ACfU3U0bg8-09i5NQ0blP36S0hQr6GsNiQ&hl=de&sa=X&ved=2ahUKEwjkp7_HmoT9AhWai_0HHVYRDf44ZBDoAXoFCNkBEAM;Google Books - "Real World .NET, C#, and Silverlight: Indispensible Experiences from 15 MVPs";D
https://tickets.houstonzoo.org/webstore/shop/viewitems.aspx?CG=GA&C=GADiscountEVENTS;Houston Zoo;D
https://tickets.spacecenter.org/webstore/shop/viewItems.aspx?cg=admissioncg&c=admissionc;Space Center Houston;D
https://settings.gg/player/376295293;SETTINGS.GG;D
https://books.google.com/books?id=6EZsDwAAQBAJ&pg=PA237&lpg=PA237&dq=viewmodel&source=bl&ots=EJcOocHhJ7&sig=ACfU3U3iBgTfzDDICt2Xj2m3npRcYizZ8g&hl=de&sa=X&ved=2ahUKEwjkp7_HmoT9AhWai_0HHVYRDf44ZBDoAXoFCNsBEAM;Google Books - "Software Architect’s Handbook";D
https://books.google.com/books?id=5y-IDQAAQBAJ&pg=PA233&lpg=PA233&dq=viewmodel&source=bl&ots=fPhyLXGQpT&sig=ACfU3U29uGOPv9lt-pFgsQJ6cxnyGGGVlA&hl=de&sa=X&ved=2ahUKEwjkp7_HmoT9AhWai_0HHVYRDf44ZBDoAXoFCNoBEAM;Google Books - Professional Sitecore 8 Development by Phil Wicklund, Jason Wilkerson;D
https://books.google.com/books?id=fLeZDwAAQBAJ&pg=PT331&lpg=PT331&dq=viewmodel&source=bl&ots=Zno0ZRsz-a&sig=ACfU3U0pnND55tzxRBV-ze5daaXtR-OHzw&hl=de&sa=X&ved=2ahUKEwjkp7_HmoT9AhWai_0HHVYRDf44ZBDoAXoFCNcBEAM;Google Books - Android Studio 3.4 Development Essentials - Kotlin Edition by Neil Smyth;D
https://books.google.com/books?id=sWgyEAAAQBAJ&pg=PT267&lpg=PT267&dq=viewmodel&source=bl&ots=LvifvVHn_1&sig=ACfU3U1zt-85EZBu4TFjo5Aj1JsUMNUY0g&hl=de&sa=X&ved=2ahUKEwjkp7_HmoT9AhWai_0HHVYRDf44ZBDoAXoFCMIBEAM;Google Books - Android Studio 4.2 Development Essentials - Java Edition by Neil Smyth;D
https://books.google.com/books?id=xLuXJQUfMH4C&pg=PA376&lpg=PA376&dq=viewmodel&source=bl&ots=rhPr0AqPyz&sig=ACfU3U2GictHl8b_yxyGG1i_oQ7d-ozVpQ&hl=de&sa=X&ved=2ahUKEwjkp7_HmoT9AhWai_0HHVYRDf44ZBDoAXoFCMcBEAM;Google Books - Recent Trends in Wireless and Mobile Networks: Third International by Abdulkadir Özcan, Jan Zizka, Dhinaharan Nagamalai;D
https://books.google.com/books?id=BtLpDwAAQBAJ&pg=PT10&lpg=PT10&dq=viewmodel&source=bl&ots=pAB557km97&sig=ACfU3U3HiLgcU9YHT230kZob1Ie5mSQ65g&hl=de&sa=X&ved=2ahUKEwjkp7_HmoT9AhWai_0HHVYRDf44ZBDoAXoFCNYBEAM;Google Books - Android Studio 4.0 Development Essentials - Kotlin Edition by Neil Smyth;D
https://franke-anaesthesie.de/wpf-bind-viewmodel.html;?;D
https://tickets.oaklandzoo.org/Webstore/shop/viewitems.aspx?CG=GGA&C=GAGlowfari;Oakland Zoo Tickets;D
https://www.devmedia.com.br/entendendo-o-pattern-model-view-viewmodel-mvvm/18411;DevMedia;A
https://tickets.aquariumofpacific.org/WebStore/shop/ViewItems.aspx?Merchant=AOP&CategoryGroupExternalID=AOPWEB&CategoryExternalID=AOPPV;Aquarium of the Pacific Tickets;D
https://fotografie-jan.de/mrpaladin-hud.html;?;D
https://shop.capbridge.com/webstore/shop/viewItems.aspx?cg=consumer&c=TKT;shop.capbridge.com;D*
https://tickets.sandiegozoo.org/webstore/shop/ViewItems.aspx?CG=webstoresdz&C=sdztp;tickets.sandiegozoo.org;D*
https://kiaflowers.it/blazor-mvvm.html;kiaflowers.it;D
https://tickets.skygarden.london/WebStore/shop/viewitems.aspx?cg=SkyGarden&c=Tickets;tickets.skygarden.london;D*
https://www.lexusindia.co.in/en.html;[www.lexusindia.co.in](http://www.lexusindia.co.in/);D
https://eticket.sunwaylagoon.com/webstore/shop/viewItems.aspx?cg=ENGSLSB&c=MSIA;eticket.sunwaylagoon.com;D
https://www.fragster.com/es/configuracion-crosshair-y-viewmodel-del-goat-oleksandr-s1mple-kostyliev/;fragster.com;D*
https://3d.cs.money/;3d.cs.money;D*
https://tickets.historic-scotland.gov.uk/webstore/shop/viewItems.aspx?cg=TKTS&c=GA;tickets.historic-scotland.gov.uk;D
https://www.syncfusion.com/blogs/post/travel-destination-listing-ui-in-dotnet-maui.aspx;syncfusion.com;A*
https://github-wiki-see.page/m/vandn88/android-documentation/wiki/ViewModel;github-wiki-see.page/m/vandn88/android-documentation/wiki/ViewModel;A*
https://s.webnhathuoc.com/Account/Login;s.webnhathuoc.com/Account/Login;D*
https://fahrvereinigung-lobdengau.de/faze-niko-setup.html;fahrvereinigung-lobdengau.de/faze-niko-setup.html;D
https://easing.me/flutter-mvvm-bloc-github.html;easing.me/flutter-mvvm-bloc-github.html;D
http://qxglx.com/wpzuonqr/select-cart-price.html;qxglx.com/wpzuonqr/select-cart-price.html;D
https://www.zditect.com/code/jetpack-all-in-compose-see-the-use-of-various-jetpack-libraries-in-compose.html;ZDiTect.com;D*
https://gerdstadie.de/kendo-popup.html;GerdStadie.de;D
https://onironauta.me/blazor-mvvm.html;Onironauta.me;D
https://cyril-derobert.fr/northstar-truck-bed.html;Cyril-derobert.fr;D
https://themeparktickets.goldreefcity.co.za/WebStore/landingPage?cg=01&c=01;ThemeParkTickets.goldreefcity.co.za;D
https://tragwohl.de/tf2-viewmodel-mod.html;?;D
https://sketchfab.com/;Sketchfab;D
https://construction.autodesk.com/;Autodesk Construction Cloud;D
https://netron.app/;Netron;D
https://www.tutorialspoint.com/mvvm/index.htm;TutorialsPoint (MVVM Tutorial);A
https://medium.com/@mshcheglov/mvvm-design-pattern-with-combine-framework-on-ios-5ff911011b0b;Medium (Article by Maksym Shcheglov);A*
https://docs.devexpress.com/WindowsForms/113955/build-an-application/winforms-mvvm;DevExpress Documentation;A*
https://demos.telerik.com/kendo-ui/mvvm/index;Telerik Kendo UI for jQuery;A*
https://www.educba.com/mvvm-design-pattern/;EDUCBA;A*
https://github.com/CommunityToolkit/MVVM-Samples;GitHub - CommunityToolkit/MVVM-Samples;A*
https://www.oreilly.com/library/view/learning-javascript-design/9781449334840/ch10s06.html;O’Reilly Online Learning - Learning JavaScript Design Patterns;A*
https://docs.avaloniaui.net/guides/basics/mvvm;Avalonia UI;D
https://www.udemy.com/topic/mvvm/;Udemy;D
https://www.c-sharpcorner.com/article/mvvm-architecture/;C# Corner;A*
https://www.kodeco.com/34-design-patterns-by-tutorials-mvvm;C# Corner;A*
https://developer.android.com/topic/architecture;Android Developers - Guide to app architecture;A
https://dzone.com/refcardz/mvvm-design-pattern-formula;DZone - MVVM Design Pattern Formula;A
https://tech.olx.com/clean-architecture-and-mvvm-on-ios-c9d167d9f5b3;OLX Tech - Clean Architecture and MVVM on iOS;B*
https://www.nuget.org/packages/CommunityToolkit.Mvvm;NuGet - CommunityToolkit.Mvvm 8.2.1;D*
https://www.mvvmcross.com/;MvvmCross;A*
https://itnext.io/a-simple-mvvm-implementation-in-client-side-blazor-8c875c365435;ITNEXT (Medium Article);A*/B
https://www.sagitec.com/blog/the-5ws-of-mvvm;Sagitec;A*/C
https://en.wiktionary.org/wiki/MVVM;Wiktionary;D
https://stackoverflow.com/questions/1405739/mvvm-tutorial-from-start-to-finish;Stack Overflow;D*
https://in.indeed.com/career-advice/career-development/difference-between-mvvm-and-mvc;Indeed Career Advice;A*/C
https://www.reddit.com/r/csharp/comments/ttih4e/what_is_mvvm/;Reddit (r/csharp) - "What is MVVM?";B*
https://dev.to/vtsen/mvc-vs-mvp-vs-mvvm-design-patterns-443n;DEV Community - "MVC vs MVP vs MVVM Design Patterns" by Vincent Tsen;A/B*
https://proandroiddev.com/understanding-mvvm-pattern-for-android-in-2021-98b155b37b54;ProAndroidDev - "Understanding MVVM pattern for Android in 2021" by Christopher Elias;B*
https://docs.oracle.com/en/middleware/developer-tools/jet/13.1/mvvm.html;Oracle Help Center - "Oracle JET 13.1.0 - MVVM";A*
https://www.pluralsight.com/courses/wpf-mvvm-in-depth;Pluralsight - "WPF MVVM in Depth" by Brian Noyes;A*
https://www.linkedin.com/pulse/mvvm-fashion-trend-gregory-stein;LinkedIn - "Is MVVM a fashion trend?" by Gregory Stein;B/C
https://www.section.io/engineering-education/implementing-mvvm-architecture-in-android-using-kotlin/;Section.io - "Implementing MVVM architecture in Android using Kotlin";A*/B
https://www.amazon.com/Learn-WPF-MVVM-pattern-coding-ebook/dp/B01M365NCZ;Amazon - "Learn WPF MVVM - XAML, C# and the MVVM pattern";D*
https://softwareengineering.stackexchange.com/questions/437119/in-mvvm-how-much-of-the-business-logic-should-reside-in-the-view-model-and-how;Stack Exchange - Software Engineering;B*
https://marcosantadev.com/mvvmc-with-swift/;Marco Santa Dev;B*
https://www.digital-legacy.co.za/XmlLayout/Documentation/MVVM;[Digital Legacy - XmlLayout Documentation](https://www.digital-legacy.co.za/XmlLayout/Documentation/MVVM);A*
https://blogs.msmvps.com/bsonnino/2022/08/06/the-mvvm-pattern-revisited-with-the-mvvm-community-toolkit-8-0/;[The MVVM Pattern Revisited with the MVVM Community Toolkit 8.0](https://blogs.msmvps.com/bsonnino/2022/08/06/the-mvvm-pattern-revisited-with-the-mvvm-community-toolkit-8-0/);A*/B
https://www.what-could-possibly-go-wrong.com/bringing-mvvm-to-unity-part-1-about-mvvm-and-unity-weld/;[Bringing MVVM to Unity - part 1: About MVVM and Unity-Weld](https://www.what-could-possibly-go-wrong.com/bringing-mvvm-to-unity-part-1-about-mvvm-and-unity-weld/);A*/B
https://prismlibrary.com/docs/wpf/legacy/Implementing-MVVM.html;[Implementing the MVVM Pattern](https://prismlibrary.com/docs/wpf/legacy/Implementing-MVVM.html);A*
https://joshsmithonwpf.wordpress.com/advanced-mvvm/;[Advanced MVVM](https://joshsmithonwpf.wordpress.com/advanced-mvvm/);A*
https://azamsharp.com/2022/07/17/2022-swiftui-and-mvvm.html;AzamSharp;A*/B
https://fivedottwelve.com/blog/flutter-architecture-implementing-the-mvvm-pattern/;FiveDotTwelve;A*/B
https://markheath.net/post/mvvm-is-it-worth-pain;Mark Heath's Development Blog;A*/B/C
https://nirajrules.wordpress.com/2009/07/18/mvc-vs-mvp-vs-mvvm/;Niraj Bhatt - Architect's Blog;A*/B
https://www.webopedia.com/definitions/mvvm-model-view-viewmodel/;Webopedia;A
https://egvijayanand.in/2022/05/09/mvvm-made-easy-with-microsoft-mvvm-toolkit-part-2/;Developer Thoughts - MVVM – Made Easy with Microsoft MVVM Toolkit – Part 2;B*---
https://firefinch.io/deep-dive-mvvm/;Firefinch Software - Deep Dive: MVVM in Real-World Applications, Part 1;B*---
https://weblogs.asp.net/dwahlin/getting-started-with-the-mvvm-pattern-in-silverlight-applications;Dan Wahlin - Getting Started with the MVVM Pattern in Silverlight Applications;A*---
https://blog.qmatteoq.com/the-mvvm-pattern-dependency-injection/;Matteo Pagani - The MVVM pattern: Dependency Injection;A/B*---
https://www.vadimbulavin.com/modern-mvvm-ios-app-architecture-with-combine-and-swiftui/;Vadim Bulavin - Modern MVVM iOS App Architecture with Combine and SwiftUI;A*---
https://benoitpasquier.com/introduction-mvvm-pattern-objective-c/;Benoit Pasquier;A*
https://www.sencha.com/blog/how-and-why-of-extjs-mvvm-pattern/;Sencha.com;B*
https://www.planetgeek.ch/2009/08/30/why-mvvm-model-view-view-model-is-not-enough/;planetgeek.ch;B
https://decode.agency/article/mvvm-architecture-a-step-by-step-guide/;DECODE;A
https://qualitycoding.org/refactor-mvvm-in-steps/;Quality Coding;D
https://quickbirdstudios.com/blog/swiftui-architecture-redux-mvvm/;QuickBird Studios Blog;D
https://glossarytech.com/terms/software_architecture/mvvm;GlossaryTech;D
https://www.ais.com/why-you-should-use-mvvm-for-small-apps/;Applied Information Sciences;D
https://fjorgedigital.com/insights/blog/whats-the-difference-between-mvc-and-mvvm/;fjorge;D
https://blog.dashlane.com/android-ui-architecture-mvvm/;Dashlane Blog;D
https://auth0.com/blog/compare-mvvm-and-viper-architectures/;auth0.com;A*
https://www.markwithall.com/programming/2013/03/01/worlds-simplest-csharp-wpf-mvvm-example.html;markwithall.com;A*
https://www.mrlacey.com/2017/04/3-reasons-to-use-mvvm-pattern.html;mrlacey.com;A/C
https://blog.grijjy.com/2018/01/22/mvvm-starter-kit-part-1-of-3/;grijjy.com;A*
https://www.danielhall.io/the-problems-with-mvvm-on-ios;danielhall.io;B*
https://academy.realm.io/posts/eric-maxwell-mvc-mvp-and-mvvm-on-android/;MVC vs. MVP vs. MVVM on Android;A*
https://blog.techchee.com/swiftui-mvvm-with-practical-examples/;SwiftUI MVVM with practical examples;A*
https://artsy.github.io/blog/2015/09/24/mvvm-in-swift/;MVVM in Swift;A*
https://khanlou.com/2015/12/mvvm-is-not-very-good/;MVVM is Not Very Good;B*/C
https://www.thirdrocktechkno.com/blog/architecture-presentation-patterns-mvc-vs-mvp-vs-mvvm/;Architecture Presentation Patterns: MVC vs MVP vs MVVM;A
https://paulstovell.com/mvvm-instantiation-approaches/;Paul Stovell's Blog - MVVM Instantiation Approaches;D*
https://malcoded.com/posts/angular-2-components-and-mvvm/;Malcoded - Is Angular 2+ MVVM?;B*
https://books.google.com/books?id=fFxCDwAAQBAJ&pg=PA15&lpg=PA15&dq=mvvm&source=bl&ots=fDUvOALZL6&sig=ACfU3U0g8HtVAlfvptqvhGkXcRMQX4IEyA&hl=de&sa=X&ved=2ahUKEwifu5-jmoT9AhUoi_0HHYWnB1E4ZBDoAXoFCOEBEAM;Google Books - Using MVVM Light with your Xamarin Apps by Paul Johnson;D*
https://www.appcoda.com/mvvm-vs-mvc/;AppCoda;A*
https://books.google.com/books?id=VPVIDwAAQBAJ&pg=PA1&lpg=PA1&dq=mvvm&source=bl&ots=BPMM-V6EzE&sig=ACfU3U36urXpooxAERsXCVuoaYDOREtgcQ&hl=de&sa=X&ved=2ahUKEwifu5-jmoT9AhUoi_0HHYWnB1E4ZBDoAXoFCNEBEAM;Google Books - Software entwickeln mit C#, WPF und dem MVVM-Konzept by Stefan Kunick;D*
https://www.swiftyplace.com/blog/swiftui-and-mvvm;SwiftyPlace - "Why MVVM can help you improve you SwiftUI project?";A*/B
https://christiantietze.de/wiki/mvvm/;Christian Tietze - "Model–View–View Model (MVVM)";A*/B
https://books.google.com/books?id=EC0on5ZY7zkC&pg=PT868&lpg=PT868&dq=mvvm&source=bl&ots=vxZZkPt7SS&sig=ACfU3U1EC1vuzfRQ4PYhanhjK1L6LRlwVA&hl=de&sa=X&ved=2ahUKEwifu5-jmoT9AhUoi_0HHYWnB1E4ZBDoAXoFCNMBEAM;Google Books - "MVVM Survival Guide for Enterprise Architectures in Silverlight and WPF";D*
https://books.google.com/books?id=sY8GIF9ZsswC&pg=PA78&lpg=PA78&dq=mvvm&source=bl&ots=UDY6MLMJGe&sig=ACfU3U32YyP_8gx4NOxSMPPFgbB-1Y4yUw&hl=de&sa=X&ved=2ahUKEwifu5-jmoT9AhUoi_0HHYWnB1E4ZBDoAXoFCNoBEAM;Google Books - "Pro WPF and Silverlight MVVM: Effective Application Development with Model ...";D*
https://books.google.com/books?id=JaFlDQAAQBAJ&pg=PA13&lpg=PA13&dq=mvvm&source=bl&ots=_4_Z3Frvg3&sig=ACfU3U3brvhIKUPswVBOdJfKJxDUENelyQ&hl=de&sa=X&ved=2ahUKEwifu5-jmoT9AhUoi_0HHYWnB1E4ZBDoAXoFCOABEAM;Google Books - "MVVM in Delphi: Architecting and Building Model View ViewModel Applications";D*
https://fatordequalidade.cfn.org.br/display?docid=M04j507&FilesData=learn_wpf_mvvm_xaml_c_and_the_mvvm_pattern.pdf;?;D
https://wioe.vibesloungebar.it/814-shocks-teryx.html;?;D
https://ebyf.trakehnerrennen.de/xaml-in-c.html;?;D
https://inmediatum.com/blog/ingenieria/mvvm-que-es-y-como-funciona/;?;D
https://deutschergrossspitz.de/devexpress-examples.html;?;D
https://skillbox.ru/media/code/mvvm_proektirovanie_prilozheniy_dlya_windows/;skillbox.ru;A*
https://angular.io/guide/architecture;angular.io;D*
https://ebikes-carwitz.de/uwp-xaml.html;?;D
https://elitesec-group.de/xaml-in-c.html;?;D
https://en-academic.com/dic.nsf/enwiki/11756555;en-academic.com;A*
https://vuejs.org/;Vue.js;D*
https://www.docdoku.com/blog/2015/02/17/architecturer-ses-applications-js-pattern-mvvm/;DocDoku;A*
https://angularjs.org/;AngularJS;D*
https://www.infoq.com/news/2023/02/dot-net-community-toolkit-810/;InfoQ;D*
https://blog.clicko.es/patron-diseno-mvvm-usando-wpf-parte-1/;Blog Clicko;A*
https://www.simplilearn.com/tutorials/angular-tutorial/angular-interview-questions;Simplilearn;D
https://trainings-profis.de/event-wpf.html;Trainings-Profis;D*
http://jaddah.000webhostapp.com/wpvc/wpf-project-ideas.html;Jaddah 000webhostapp;D
https://endloskarten.de/event-wpf.html;Endloskarten;D*
https://covid.rioverde.go.gov.br/viewport?pdfid=Q96q241&FilesData=wpf-tutorial-for-dependency-properties.pdf;Covid Rioverde;D*
https://flora-auf-rhodos.de/event-wpf.html;?;D
https://velog.io/@doogie97/Clean-Architecture-MVVM-%EC%9D%B4%ED%95%B4%ED%95%9C-%EB%8C%80%EB%A1%9C%EB%A7%8C-%EC%A0%95%EB%A6%AC;velog.io/@doogie97/Clean-Architecture-MVVM-이해한-대로만-정리;B*
https://www.calculatorsoup.com/calculators/conversions/roman-numeral-converter.php;calculatorsoup.com/calculators/conversions/roman-numeral-converter.php;D
https://www.frankysnotes.com/2023/02/reading-notes-541.html;frankysnotes.com/2023/02/reading-notes-541.html;D
https://www.mvmt.com/mens-watches/shop-all-mens-watches/;mvmt.com/mens-watches/shop-all-mens-watches/;D
https://cp-services.it/kendo-grid-toolbar-custom.html;?;D
https://cambrio.hire.trakstar.com/jobs/fk0x1oz/;?;D
https://fitglueck.de/xaml-in-c.html;?;D
https://it-online.co.za/2023/02/06/application-developer-23/;IT-Online;D*
https://vasp.it/dmt-demons-reddit.html;?;D
https://rondiniverifiche.it/swiftui-rest-api.html;rondiniverifiche.it;D*
https://cocoacasts.com/swift-and-model-view-viewmodel-in-practice/  From 'Model-View-ViewModel in Swift' -> Swift and Model-View-ViewModel in Practice;cocoacasts.com (Swift and MVVM in Practice);A*
https://cocoacasts.com/more-swift-and-model-view-viewmodel-in-practice/ From 'Model-View-ViewModel in Swift' -> More Swift and Model-View-ViewModel in Practice;cocoacasts.com (More Swift and MVVM in Practice);A*
https://cocoacasts.com/series/mastering-mvvm-with-swift From 'Model-View-ViewModel in Swift' -> Mastering MVVM With Swift;cocoacasts.com (Mastering MVVM With Swift);A*
https://www.educba.com/mvvm-architecture/;educba.com (MVVM Architecture);A
https://www.educba.com/what-is-mvvm/;EDUCBA;A
http://msdn.microsoft.com/en-us/magazine/dd419663.aspx;MSDN Magazine;A*
http://blog.lab49.com/archives/2650;Lab49;D
http://blogs.msdn.com/dancre/archive/2006/10/11/datamodel-view-viewmodel-pattern-series.aspx;Dan Crevier's Blog on MSDN;D
http://mvvmfoundation.codeplex.com/;MVVM Foundation on CodePlex;D
http://jmorrill.hjtcentral.com/Home/tabid/428/EntryId/432/MVVM-for-Tarded-Folks-Like-Me-or-MVVM-and-What-it-Means-to-Me.aspx;?;D
http://jmorrill.hjtcentral.com/Home/tabid/428/EntryId/433/Anatomy-of-an-MVVM-Application-or-How-Tards-Like-Me-Make-MVVM-Apps.aspx;?;D
http://reedcopsey.com/series/windows-forms-to-mvvm/;?;D
http://channel9.msdn.com/posts/kreekman/TechDays-2010-Understanding-the-Model-View-ViewModel-pattern/;?;D
http://blog.raffaeu.com/archive/2009/06/03/wpf-and-vmmv-tutorial-01-introduction.aspx;?;D
http://www.drwpf.com/blog/;DR. WPF;D*
http://bea.stollnitz.com/blog/;Bea Stollnitz;D
http://www.developmentalmadness.com/archive/2009/10/03/mvvm-with-prism-101-ndash-part-1-the-bootstrapper.aspx;Developmental Madness;D
http://oreilly.com/catalog/0790145309686;O'Reilly Media;D
http://www.wintellect.com/CS/blogs/jlikness/archive/2010/04/14/model-view-viewmodel-mvvm-explained.aspx;Wintellect;D
http://geekswithblogs.net/mbcrump/archive/2010/06/27/get-started-with-mvvm-general-infolinks.aspx;Geekswithblogs.net;D
http://mtaulty.com/CommunityServer/blogs/mike_taultys_blog/archive/2014/05/09/windows-phone-8-1-and-xaml-apps-making-it-easier-for-mvvm-developers.aspx;mtaulty.com;D
https://www.endyourif.com/tutorial/aspnetmvc;endyourif.com;D
http://www.silverlightshow.net/news/The-Advantages-of-MVVM.aspx;silverlightshow.net;D
http://stackoverflow.com/questions/883895/what-are-the-problems-of-the-mvvm-pattern;Stack Overflow;C
http://www.codeproject.com/Articles/100175/Model-View-ViewModel-MVVM-Explained;CodeProject - Model-View-ViewModel (MVVM) Explained;A*
https://www.quora.com/Pros-and-cons-of-MVVM-framework-and-how-I-can-campare-it-with-MVC;Quora - Pros and cons of MVVM framework and how I can compare it with MVC?;B/C
https://proandroiddev.com/mvi-a-new-member-of-the-mv-band-6f7f0d23bc8a;ProAndroidDev - MVI — a new member of the MV* band;D
http://blogs.msdn.com/johngossman/archive/2005/10/08/478683.aspx;Tales from the Smart Client (John Gossman's Blog on MSDN);A*
https://searchapparchitecture.techtarget.com/tip/MVC-vs-MVVM-2-architecture-patterns-for-modularity;TechTarget - MVC vs. MVVM: 2 architecture patterns for modularity;A/B
https://www.mobileappdaily.com/2018/09/5/mvp-vs-mvvm-android-architecture;MobileAppDaily;A*
https://medium.com/flawless-app-stories/how-to-use-a-model-view-viewmodel-architecture-for-ios-46963c67be1b;Medium (Flawless App Stories);A*
http://www.teehanlax.com/blog/model-view-viewmodel-for-ios/;Teehan+Lax;A*
http://www.teehanlax.com/blog/krush-ios-architecture/;Teehan+Lax;B*
https://www.learnmvvm.com/;LearnMVVM;A*
https://www.zkoss.org/wiki/ZK%20Developer's%20Reference/MVVM;ZK Developer's Reference;A*
http://books.zkoss.org/zk-mvvm-book/9.5/;ZK MVVM Book 9.5;D
https://upday.github.io/blog/mvvm_rx_common_mistakes/;ZK MVVM Book 9.5 - Introduction of MVVM;A*
http://csharperimage.jeremylikness.com/2010/04/model-view-viewmodel-mvvm-explained.html;upday blog - MVVM + RxJava: Common Mistakes;B*
https://medium.com/@ankit.sinhal/mvc-mvp-and-mvvm-design-pattern-6e169567bbad;The C#er : IMage - Model-View-ViewModel (MVVM) Explained;A